id,view,author,forward,mention,datetime,unixtime,is_forward
11,111,,2,0,"['2022', '08', '11', '22', '02', '28']",1660239148,0
12,124,,0,2,"['2022', '08', '11', '22', '17', '34']",1660240054,0
13,126,,0,0,"['2022', '08', '11', '22', '29', '29']",1660240769,0
14,265,,1,7,"['2022', '08', '12', '01', '05', '31']",1660250131,0
15,132,,1,2,"['2022', '08', '12', '19', '39', '18']",1660316958,0
17,133,,1,11,"['2022', '08', '13', '01', '10', '02']",1660336802,0
18,138,,1,22,"['2022', '08', '13', '22', '47', '32']",1660414652,0
19,120,,0,8,"['2022', '08', '20', '07', '56', '49']",1660966009,0
20,122,,0,0,"['2022', '08', '20', '18', '38', '25']",1661004505,0
22,128,,0,0,"['2022', '08', '20', '18', '41', '50']",1661004710,0
23,129,,1,0,"['2022', '08', '22', '23', '08', '16']",1661193496,0
24,108,,1,30,"['2022', '08', '25', '23', '58', '46']",1661455726,0
26,112,,3,15,"['2022', '08', '27', '00', '23', '10']",1661543590,0
27,107,,2,0,"['2022', '08', '28', '14', '32', '44']",1661680964,0
28,102,,1,7,"['2022', '08', '29', '00', '45', '40']",1661717740,0
29,108,,2,2,"['2022', '08', '29', '11', '10', '56']",1661755256,0
30,108,,2,8,"['2022', '08', '29', '22', '11', '26']",1661794886,0
31,103,,0,4,"['2022', '08', '30', '16', '34', '01']",1661861041,0
32,109,,0,6,"['2022', '08', '31', '10', '02', '24']",1661923944,0
33,114,,0,5,"['2022', '08', '31', '10', '29', '13']",1661925553,0
34,141,,2,10,"['2022', '08', '31', '20', '03', '07']",1661959987,0
35,245,,2,14,"['2022', '09', '01', '17', '39', '43']",1662037783,0
36,129,,0,0,"['2022', '09', '01', '23', '52', '21']",1662060141,0
37,119,,0,5,"['2022', '09', '03', '21', '19', '22']",1662223762,0
39,122,,0,14,"['2022', '09', '03', '21', '37', '43']",1662224863,0
40,130,,2,4,"['2022', '09', '04', '00', '12', '39']",1662234159,0
41,137,,1,3,"['2022', '09', '04', '13', '08', '26']",1662280706,0
42,138,,1,0,"['2022', '09', '04', '13', '08', '26']",1662280706,0
43,133,,0,6,"['2022', '09', '04', '16', '24', '28']",1662292468,0
44,159,,6,5,"['2022', '09', '05', '00', '30', '26']",1662321626,0
45,141,,3,9,"['2022', '09', '07', '14', '10', '38']",1662543638,0
46,131,,0,10,"['2022', '09', '07', '15', '02', '31']",1662546751,0
47,132,,0,0,"['2022', '09', '07', '18', '24', '30']",1662558870,0
48,137,,1,3,"['2022', '09', '07', '21', '01', '07']",1662568267,0
49,140,,0,4,"['2022', '09', '07', '21', '13', '31']",1662569011,0
50,153,,0,24,"['2022', '09', '08', '00', '47', '35']",1662581855,0
51,162,,1,4,"['2022', '09', '08', '11', '46', '21']",1662621381,0
52,181,,5,2,"['2022', '09', '08', '16', '16', '08']",1662637568,0
53,185,,0,6,"['2022', '09', '09', '13', '08', '52']",1662712732,0
54,201,,0,14,"['2022', '09', '10', '12', '52', '17']",1662798137,0
55,216,,1,4,"['2022', '09', '10', '17', '40', '49']",1662815449,0
56,218,,0,8,"['2022', '09', '11', '14', '51', '23']",1662891683,0
57,231,,0,0,"['2022', '09', '12', '09', '35', '15']",1662959115,0
59,239,,0,5,"['2022', '09', '16', '10', '24', '51']",1663307691,0
60,237,,0,9,"['2022', '09', '21', '10', '52', '10']",1663741330,0
61,282,,1,4,"['2022', '09', '23', '10', '31', '29']",1663916489,0
62,657,,28,3,"['2022', '09', '23', '18', '52', '01']",1663946521,0
64,768,,3,7,"['2022', '09', '25', '20', '50', '40']",1664126440,0
65,226,,2,13,"['2022', '09', '29', '14', '18', '01']",1664448481,0
66,244,,2,0,"['2022', '09', '30', '06', '03', '09']",1664505189,0
67,238,,4,0,"['2022', '10', '04', '15', '08', '40']",1664883520,0
68,260,,2,2,"['2022', '10', '05', '23', '21', '15']",1664999475,0
69,284,,2,14,"['2022', '10', '06', '18', '07', '18']",1665067038,0
71,273,,0,0,"['2022', '10', '06', '22', '54', '34']",1665084274,0
73,610,,14,0,"['2022', '10', '12', '13', '33', '24']",1665569004,0
74,243,,0,0,"['2022', '10', '12', '21', '32', '08']",1665597728,0
75,253,,2,12,"['2022', '10', '12', '21', '46', '03']",1665598563,0
76,315,,14,13,"['2022', '10', '15', '15', '06', '04']",1665833764,0
77,245,,2,10,"['2022', '10', '16', '13', '39', '24']",1665914964,0
78,199,,2,6,"['2022', '10', '19', '15', '23', '44']",1666180424,0
79,194,,3,11,"['2022', '10', '21', '17', '34', '21']",1666361061,0
80,215,,4,1,"['2022', '10', '21', '19', '19', '30']",1666367370,0
81,226,,0,18,"['2022', '10', '22', '12', '49', '03']",1666430343,0
82,252,,9,4,"['2022', '10', '22', '21', '20', '59']",1666461059,0
83,216,,2,6,"['2022', '10', '28', '11', '24', '43']",1666943683,0
84,227,,0,2,"['2022', '10', '28', '17', '24', '44']",1666965284,0
86,209,,4,0,"['2022', '10', '29', '21', '10', '35']",1667065235,1
89,244,,2,5,"['2022', '10', '29', '21', '21', '47']",1667065907,0
90,241,,0,4,"['2022', '11', '03', '10', '12', '17']",1667457737,0
91,317,,2,28,"['2022', '11', '04', '13', '45', '23']",1667556923,0
92,288,,3,10,"['2022', '11', '04', '16', '41', '53']",1667567513,0
93,370,,5,6,"['2022', '11', '06', '18', '32', '21']",1667746941,0
94,304,,3,12,"['2022', '11', '12', '14', '23', '59']",1668250439,0
95,294,,2,14,"['2022', '11', '12', '17', '57', '40']",1668263260,0
96,335,,3,8,"['2022', '11', '12', '18', '12', '57']",1668264177,0
97,434,,6,21,"['2022', '11', '13', '15', '20', '13']",1668340213,0
99,464,,11,37,"['2022', '11', '13', '22', '22', '37']",1668365557,0
100,398,,0,16,"['2022', '11', '15', '16', '23', '40']",1668516820,0
101,404,,0,6,"['2022', '11', '15', '16', '27', '08']",1668517028,1
102,545,,3,4,"['2022', '11', '19', '19', '04', '12']",1668872052,0
103,453,,6,6,"['2022', '11', '23', '09', '42', '06']",1669183926,0
104,583,,3,14,"['2022', '11', '29', '13', '02', '11']",1669714331,0
105,465,,4,8,"['2022', '12', '05', '16', '43', '27']",1670246007,0
106,469,,1,12,"['2022', '12', '05', '21', '08', '59']",1670261939,0
107,733,,7,24,"['2022', '12', '14', '11', '41', '03']",1671005463,0
108,614,,22,10,"['2022', '12', '17', '12', '44', '30']",1671268470,0
109,557,,13,7,"['2022', '12', '20', '16', '49', '27']",1671542367,0
110,510,,4,10,"['2022', '12', '29', '10', '45', '25']",1672298125,0
111,491,,1,42,"['2023', '01', '02', '10', '11', '49']",1672641709,0
112,260,,0,0,"['2023', '02', '11', '15', '16', '01']",1676115961,0
113,352,,12,28,"['2023', '02', '11', '21', '30', '09']",1676138409,0
114,775,,8,2,"['2023', '02', '11', '23', '56', '57']",1676147217,0
115,343,,0,20,"['2023', '02', '12', '22', '30', '56']",1676228456,0
116,368,,2,17,"['2023', '02', '13', '20', '32', '09']",1676307729,0
117,392,,2,15,"['2023', '02', '14', '19', '11', '11']",1676389271,0
118,434,,16,17,"['2023', '02', '17', '21', '19', '26']",1676656166,0
119,324,,0,5,"['2023', '02', '19', '21', '47', '55']",1676830675,0
120,479,,4,10,"['2023', '02', '19', '22', '21', '07']",1676832667,0
121,428,,2,23,"['2023', '02', '20', '04', '10', '17']",1676853617,0
122,483,,3,26,"['2023', '02', '23', '23', '33', '50']",1677182630,0
123,506,,4,6,"['2023', '02', '26', '09', '36', '08']",1677391568,1
124,919,,75,26,"['2023', '03', '09', '18', '15', '39']",1678373139,0
125,348,,1,0,"['2023', '03', '09', '22', '18', '53']",1678387733,1
126,565,,5,2,"['2023', '03', '10', '11', '22', '12']",1678434732,0
127,440,,7,0,"['2023', '03', '13', '16', '08', '34']",1678711114,1
128,399,,3,25,"['2023', '03', '19', '20', '14', '16']",1679244256,0
129,462,,5,12,"['2023', '03', '21', '15', '03', '44']",1679398424,0
130,506,,21,23,"['2023', '03', '23', '22', '48', '42']",1679599122,0
131,358,,6,24,"['2023', '03', '28', '15', '23', '55']",1680004435,1
132,372,,0,9,"['2023', '03', '29', '13', '26', '19']",1680083779,0
133,423,,0,9,"['2023', '03', '29', '13', '35', '20']",1680084320,0
134,564,,8,20,"['2023', '04', '01', '13', '58', '32']",1680344912,0
135,341,,0,18,"['2023', '04', '04', '01', '02', '50']",1680557570,0
136,346,,5,16,"['2023', '04', '06', '14', '21', '38']",1680778298,0
137,297,,3,7,"['2023', '04', '06', '14', '35', '31']",1680779131,0
138,262,,2,5,"['2023', '04', '08', '19', '41', '28']",1680970288,0
139,336,,8,3,"['2023', '04', '10', '14', '11', '53']",1681123313,0
140,253,,4,4,"['2023', '04', '11', '02', '13', '53']",1681166633,0
141,304,,6,12,"['2023', '04', '11', '15', '10', '16']",1681213216,0
142,253,,6,6,"['2023', '04', '12', '02', '18', '41']",1681253321,1
143,293,,1,3,"['2023', '04', '13', '02', '23', '07']",1681339987,0
144,273,,3,1,"['2023', '04', '14', '04', '06', '59']",1681432619,0
145,451,,12,4,"['2023', '04', '14', '17', '19', '42']",1681480182,0
146,928,,8,61,"['2023', '04', '16', '20', '33', '14']",1681664594,0
147,314,,5,1,"['2023', '04', '19', '00', '40', '49']",1681852249,1
148,329,,4,9,"['2023', '04', '19', '23', '28', '26']",1681934306,0
149,271,,7,6,"['2023', '04', '22', '02', '46', '59']",1682119019,0
150,557,,45,3,"['2023', '04', '23', '02', '27', '27']",1682204247,0
151,145,,2,0,"['2023', '04', '29', '00', '09', '27']",1682714367,0
152,85,,5,18,"['2023', '05', '01', '14', '46', '16']",1682939776,0
153,85,,5,18,"['2023', '05', '01', '14', '46', '16']",1682939776,0
